,method,DEMaP,ARI,1-nn
,PHATE,0.8865573758176493,0.586395431564537,0.87945
,UMAP,0.87237397804597,0.5926942652535685,0.9112
,TSNE,0.8641752018212587,0.5402179297576644,0.9026500000000001
,ISOMAP,0.8003732289760557,0.39067712493719037,0.6266499999999999
,MDS,0.5112224012807064,0.2600506329386172,0.4958
,PCA,0.4704828977644534,0.4911704011633627,0.8801
