,method,DEMaP,ARI,1-nn
,PHATE,0.8310547787460723,0.5896075238672811,0.88475
,UMAP,0.8100080095022494,0.5849778975837205,0.9208000000000001
,ISOMAP,0.74772702697366,0.46880587520496986,0.7089000000000001
,TSNE,0.7351901391335841,0.6830248553051343,0.9186500000000001
,PCA,0.4641017537844625,0.6201078773241092,0.8974499999999999
,MDS,0.3573444205318275,0.2557341281212347,0.48355
