,method,DEMaP,ARI,1-nn
,UMAP,0.8913781244214951,0.5723879333980749,0.9110000000000001
,TSNE,0.8469428675727306,0.5658325150701962,0.9088499999999999
,PHATE,0.8279322418382282,0.5832574866351901,0.8564
,ISOMAP,0.8019329781569499,0.3400395682494502,0.6305000000000001
,MDS,0.4809151274642104,0.2790365640654413,0.4819
,PCA,0.45760383512982594,0.5206553181577103,0.87955
