,method,DEMaP,ARI,1-nn
,PHATE,0.8763040659261159,0.46486447119344,0.8889499999999998
,UMAP,0.8649623947705118,0.43682610056544235,0.9213999999999999
,TSNE,0.8234801989002045,0.4455232575932127,0.92125
,ISOMAP,0.7995849901817585,0.3266758930475856,0.7024499999999999
,MDS,0.5430233387115366,0.22650097330601998,0.60535
,PCA,0.5170159254179362,0.4481207645931359,0.8985
