,method,DEMaP,ARI,1-nn
,PHATE,0.7654922702703107,0.3270642241086559,0.62845
,UMAP,0.7645401680614076,0.3573972741580308,0.7308500000000001
,TSNE,0.6488257296334392,0.32987017521988365,0.7165
,ISOMAP,0.6458235372762116,0.22700427723991756,0.49955
,PCA,0.4506579463032528,0.3819440942350986,0.6931499999999999
,MDS,0.3533495910123776,0.07669362470328538,0.33814999999999995
