,method,DEMaP,ARI,1-nn
,PHATE,0.8258730478143512,0.6432173040208307,0.8304
,TSNE,0.7805298000331969,0.5009350579712879,0.884
,UMAP,0.7654017886204844,0.5326840854859889,0.8846
,ISOMAP,0.6828609712386808,0.388701723138218,0.65675
,MDS,0.49959430141615757,0.21267371966640064,0.5192
,PCA,0.4590759086290937,0.5339338492460303,0.8346
