,method,DEMaP,ARI,1-nn
,PHATE,0.7816935841812771,0.4543337137181919,0.7902
,UMAP,0.7138190797482001,0.5034449549220591,0.86295
,TSNE,0.673507456495079,0.47170404342958067,0.8631499999999999
,ISOMAP,0.5613520455798797,0.20670845981276634,0.47540000000000004
,PCA,0.45973527259180547,0.49991082827500444,0.8269
,MDS,0.3615124215809415,0.11685783441645198,0.30184999999999995
