,method,DEMaP,ARI,1-nn
,PHATE,0.671405320352228,0.2943089810649079,0.61415
,UMAP,0.6258422969415992,0.2627151712628774,0.6243000000000001
,TSNE,0.5262773681785367,0.22483144519648035,0.6362500000000001
,ISOMAP,0.49510673446786085,0.1274364865158166,0.4205
,PCA,0.49105259677701973,0.2762282030848367,0.61555
,MDS,0.2540780854390037,0.023214458430679374,0.2447
