,method,DEMaP,ARI,1-nn
,PHATE,0.7155273347700465,0.4831311507948071,0.76925
,UMAP,0.6719333986931547,0.5007542885293182,0.8331500000000001
,TSNE,0.66750150868296,0.4747695741785133,0.8355499999999999
,ISOMAP,0.47883635422709714,0.21807018565972974,0.50625
,PCA,0.4510458822789583,0.5172129551267965,0.7960499999999999
,MDS,0.3493773735816701,0.12913106179738823,0.3139
