,method,DEMaP,ARI,1-nn
,UMAP,0.7093352109700787,0.9962641380213,0.9961499999999999
,PHATE,0.7080621993248869,0.9865968084391571,0.9845
,TSNE,0.6979531844331873,0.8143196551381091,0.9953999999999998
,ISOMAP,0.6385880729946126,0.5193176625975766,0.7644
,PCA,0.4451009180340919,0.819444286184043,0.9851999999999999
,MDS,0.4066800698986149,0.3244234254240439,0.5754999999999999
