,method,DEMaP,ARI,1-nn
,PHATE,0.78878412448951,0.9950618134146043,0.9940999999999999
,ISOMAP,0.765950317601717,0.8378920440280462,0.8888999999999999
,UMAP,0.7176482139272123,0.9975772915843701,0.99885
,TSNE,0.7026356997620102,0.9957864039594851,0.99885
,PCA,0.40425156294194653,0.9836812639102317,0.98925
,MDS,0.3437533320107899,0.42802809238124984,0.68335
