,method,DEMaP,ARI,1-nn
,UMAP,0.7230595968002838,0.997667982816687,0.99855
,TSNE,0.6955015196791758,0.9968046052989995,0.9962500000000001
,PHATE,0.6669646776478131,0.9907386812578511,0.9923499999999998
,ISOMAP,0.5985797257823199,0.6836509744639531,0.89345
,PCA,0.4100059931290684,0.9369322427516587,0.9907
,MDS,0.39495758205382636,0.37070968865080883,0.6448499999999999
