,method,DEMaP,ARI,1-nn
,PHATE,0.7372855067379657,0.8779513909277,0.9886500000000001
,UMAP,0.7367249462928965,0.6605970236788827,0.9958999999999998
,TSNE,0.7358368453981072,0.6221237639643619,0.9953999999999998
,ISOMAP,0.7039248445502955,0.6097373904116187,0.9075
,MDS,0.4943654691874595,0.2956344210250317,0.73675
,PCA,0.4928037499161153,0.6750592712592252,0.9884000000000001
