,method,DEMaP,ARI,1-nn
,PHATE,0.5657934125302364,0.9916288338924185,0.9949000000000001
,UMAP,0.5450971996202733,0.853841340210371,0.9978
,PCA,0.47916189832821865,0.745619814598271,0.9933000000000002
,TSNE,0.4309888511232724,0.7046369213889292,0.9974999999999999
,ISOMAP,0.4140984896688548,0.515698788770877,0.85945
,MDS,0.3381862825977325,0.28741981472389244,0.64255
