,method,DEMaP,ARI,1-nn
,PHATE,0.7033416352125631,0.9413393386583975,0.9917999999999999
,TSNE,0.7030212572746273,0.8337308935938953,0.99695
,UMAP,0.7028368029532646,0.9923867354069786,0.9975000000000002
,ISOMAP,0.6572349156441005,0.6066668802679804,0.8188000000000001
,PCA,0.44166411698341,0.8308002538555583,0.9891500000000001
,MDS,0.42841549877696283,0.3347360105327624,0.6775
