,method,DEMaP,ARI,1-nn
,PHATE,0.659435032884436,0.7766188313134819,0.9713999999999998
,TSNE,0.5696998893892228,0.7106819306388048,0.9962
,ISOMAP,0.5252477860535694,0.49521023422582205,0.76435
,UMAP,0.505480728303536,0.7116808951512402,0.99505
,PCA,0.4251157455641382,0.6817292258180855,0.9865999999999999
,MDS,0.2950217565573667,0.23777127465467088,0.4521
