,method,DEMaP,ARI,1-nn
,PHATE,0.8169149471327664,0.9510326992655236,0.9863999999999999
,UMAP,0.8137945379777357,0.7273824721823585,0.9938500000000001
,ISOMAP,0.7691620813649227,0.5728629445093492,0.8625499999999999
,TSNE,0.7526039011509384,0.7272722919663285,0.9938500000000001
,PCA,0.4807886130764292,0.7416443135325046,0.9840500000000001
,MDS,0.3935762421944314,0.2444377894549278,0.62615
