,method,DEMaP,ARI,1-nn
,TSNE,0.6763695518117401,0.687022600094543,0.9939
,ISOMAP,0.6738344917399528,0.41534896603344906,0.6756
,PHATE,0.6398459448285837,0.7820080583011826,0.97865
,UMAP,0.5325481554514507,0.7838060469093459,0.9950000000000001
,PCA,0.45457079437644904,0.7476411851060851,0.9846999999999999
,MDS,0.3636612645718905,0.26488537911144383,0.5074500000000001
